url,label
https://spotify.com/news/world,0
http://is.gd/296b6d4,1
https://bbc.com/careers,0
http://47.138.208.69/netflix/signin/index.html,1
http://netflix-account.34e337.gq/account.php?id=1271,1
https://chase-login-online.club/login/3d33?token=b9143b9b99,1
https://adobe.com/about,0
https://google.com/help/faq,0
https://www.dropbox.com/,0
https://www.linkedin.com/user/settings,0
https://www.google.com/article/12345,0
https://www.nytimes.com/api/v2/users,0
https://microsoft-verify-online.ga/verify/8f62?token=b9efdc6856,1
https://amazon.com/?ref=dcf0cd,0
https://www.apple.com/store/checkout,0
http://instagram-secure.07dc4b.cf/secure.php?id=5699,1
https://microsoft-alert-secure.xyz/alert/f2f5?token=e556f59095,1
https://www.dropbox.com/blog/2024/updates,0
http://ebay.com@52b6a6c3.cf/billing,1
http://19.56.169.96/instagram/secure/index.html,1
https://www.adobe.com/user/settings,0
https://adobe.com/article/12345?ref=5901a1,0
https://instagram-alert-secure.ml/alert/0fd1?token=6311f38129,1
http://google.com@34f2a72a.top/suspended,1
http://netflix.com@8fb82044.xyz/signin,1
https://www.bankofamerica.com/news/world,0
https://www.wordpress.com/article/12345,0
https://amazon-update-online.gq/update/656b?token=99035f975a,1
https://salesforce.com/watch?v=abc123,0
https://amazon.com/careers,0
https://chase.com/store/checkout,0
https://yahoo.com/user/settings,0
https://instagram.com/products/laptop?ref=3a9ef4,0
http://microsoft-signin.1843ee.click/signin.php?id=7852,1
http://google-signin.cdff7c.cf/signin.php?id=2369,1
https://wordpress.com/careers,0
https://www.espn.com/contact-us?ref=9c8fe2,0
https://www.microsoft.com/blog/2024/updates,0
https://www.nytimes.com/about,0
http://paypal.com@47284003.club/recover,1
http://51.22.136.132/paypal/verify/index.html,1
http://netflix-billing.90976a.ga/billing.php?id=1355,1
https://www.paypal.com/products/laptop,0
https://www.nytimes.com/products/laptop?ref=94f309,0
https://stackoverflow.com/user/settings,0
http://apple-update.301393.gq/update.php?id=9381,1
http://66.24.30.251/paypal/unlock/index.html,1
http://9.7.159.24/ebay/confirm/index.html,1
https://bankofamerica.com/news/world?ref=4de1e9,0
https://paypal-verify-online.xyz/verify/056a?token=aff14f4eae,1
https://apple.com/careers,0
http://instagram-confirm.063060.ga/confirm.php?id=4428,1
https://python.org/watch?v=abc123,0
https://apple.com/news/world,0
https://www.yahoo.com/about,0
http://194.187.219.22/microsoft/recover/index.html,1
https://paypal-account-secure.club/account/212b?token=39929ecc0f,1
https://www.chase.com/user/settings,0
http://bit.ly/7c1c169,1
https://www.reddit.com/about,0
https://www.bbc.com/search?q=weather,0
https://www.medium.com/about,0
http://amazon-update.642567.ga/update.php?id=9313,1
https://facebook-account-online.top/account/3efb?token=1718dea0c6,1
https://facebook-confirm-online.ga/confirm/a590?token=3744794642,1
https://www.bankofamerica.com/watch?v=abc123,0
https://www.adobe.com/help/faq,0
https://espn.com/about,0
http://google-account.f56524.gq/account.php?id=2065,1
http://32.50.156.8/wellsfargo/alert/index.html,1
https://bbc.com/products/laptop,0
http://249.4.237.70/microsoft/login/index.html,1
https://www.shopify.com/user/settings,0
https://wikipedia.org/contact-us,0
http://tinyurl.com/aa04e4f,1
http://ebay-unlock.d88458.tk/unlock.php?id=1092,1
http://google.com@e3253cd6.top/unlock,1
https://www.shopify.com/careers,0
https://www.medium.com/user/settings,0
https://bankofamerica-suspended-secure.gq/suspended/d77a?token=d740d11f1d,1
https://python.org/products/laptop,0
https://www.python.org/watch?v=abc123,0
http://chase.com@b669e525.ga/update,1
http://237.148.23.29/netflix/account/index.html,1
http://amazon-signin.4fb912.ml/signin.php?id=6375,1
https://wellsfargo.com/about,0
https://www.nytimes.com/products/laptop,0
http://31.252.128.191/amazon/suspended/index.html,1
http://184.210.31.170/apple/secure/index.html,1
https://google.com/article/12345,0
http://23.19.14.46/chase/alert/index.html,1
https://www.wikipedia.org/contact-us,0
http://bit.ly/145163f,1
https://nytimes.com/search?q=weather,0
http://91.91.213.139/google/suspended/index.html,1
https://www.bbc.com/api/v2/users,0
https://www.github.com/store/checkout?ref=d4f27c,0
https://chase-login-account.ga/login/d199?token=65f03b21df,1
https://espn.com/careers,0
https://microsoft.com/user/settings,0
http://ebay.com@2ddaa661.info/billing,1
https://www.instagram.com/api/v2/users,0
http://facebook.com@07d2765a.gq/verify,1
http://rb.gy/d9bf72e,1
https://www.linkedin.com/docs/getting-started,0
https://www.yahoo.com/contact-us,0
http://microsoft-unlock.67ab8d.info/unlock.php?id=5540,1
https://www.linkedin.com/user/settings?ref=facc3b,0
https://bankofamerica.com/api/v2/users,0
https://google.com/user/settings,0
https://adobe.com/watch?v=abc123?ref=cf0b9c,0
https://www.bbc.com/help/faq?ref=dbcecc,0
https://chase.com/help/faq,0
http://bit.ly/f005dfc,1
https://www.apple.com/,0
https://shopify.com/store/checkout,0
http://126.101.191.41/microsoft/unlock/index.html,1
http://apple-alert.17c52e.click/alert.php?id=8821,1
http://bankofamerica-secure.5c0cf2.ml/secure.php?id=9501,1
http://paypal-recover.a69e7b.ml/recover.php?id=7100,1
http://rb.gy/585ae27,1
https://www.python.org/article/12345,0
https://microsoft-alert-secure.xyz/alert/3a73?token=7d6c72ff1d,1
http://google.com@d234466c.xyz/secure,1
http://apple-login.ad4c71.club/login.php?id=2946,1
http://facebook.com@876ec085.top/signin,1
http://bankofamerica.com@5451d99e.gq/recover,1
http://paypal-confirm.0e94c1.click/confirm.php?id=9740,1
http://is.gd/f8d2db5,1
https://www.instagram.com/about,0
http://197.111.205.75/chase/suspended/index.html,1
https://www.linkedin.com/help/faq?ref=827909,0
https://instagram-recover-secure.tk/recover/aa76?token=177ca5e02f,1
http://157.175.113.220/microsoft/unlock/index.html,1
https://medium.com/api/v2/users,0
http://apple.com@dd42469f.club/alert,1
https://microsoft-alert-online.top/alert/1824?token=033e334985,1
https://wellsfargo.com/article/12345?ref=d7172d,0
http://bit.ly/7ce2bee,1
https://www.twitch.tv/products/laptop,0
https://medium.com/api/v2/users?ref=cb504e,0
http://goo.gl/1170439,1
https://cnn.com/api/v2/users,0
http://226.169.68.79/microsoft/unlock/index.html,1
http://ebay-suspended.14f46a.info/suspended.php?id=1513,1
https://netflix.com/store/checkout,0
https://bankofamerica-alert-account.tk/alert/8315?token=ecf9f7ccf8,1
http://tinyurl.com/6b360a4,1
http://instagram.com@8cfd5341.ga/account,1
https://wordpress.com/blog/2024/updates,0
https://instagram.com/blog/2024/updates,0
https://chase.com/,0
https://nytimes.com/docs/getting-started?ref=28edfe,0
http://wellsfargo.com@fa70023f.ga/suspended,1
https://www.netflix.com/article/12345,0
https://netflix-billing-secure.top/billing/a03d?token=df91fcff71,1
https://wikipedia.org/store/checkout,0
https://www.nytimes.com/store/checkout?ref=7dbe23,0
http://apple.com@78608e0d.tk/confirm,1
http://goo.gl/b0d3b65,1
https://apple.com/help/faq,0
https://adobe.com/article/12345,0
https://www.bbc.com/contact-us?ref=4c2402,0
https://bankofamerica-recover-account.gq/recover/3261?token=6f0350867e,1
http://microsoft.com@5101a69f.gq/signin,1
http://bankofamerica.com@db2c4733.club/confirm,1
http://rb.gy/73c0ea4,1
https://twitch.tv/help/faq,0
http://bit.ly/c5cc15a,1
http://amazon.com@885ccb28.top/alert,1
https://paypal.com/store/checkout,0
http://instagram-login.eff0e7.ga/login.php?id=4298,1
http://wellsfargo-secure.f327ea.tk/secure.php?id=7865,1
http://152.55.233.10/bankofamerica/billing/index.html,1
http://amazon-alert.716e36.info/alert.php?id=8746,1
http://bankofamerica-secure.9779e4.top/secure.php?id=3150,1
http://rb.gy/524e98b,1
https://www.microsoft.com/search?q=weather,0
http://4.103.168.81/amazon/signin/index.html,1
https://adobe.com/news/world,0
http://chase.com@1a72e3e3.ml/update,1
http://microsoft-billing.8bdfe5.club/billing.php?id=4983,1
https://airbnb.com/api/v2/users,0
http://56.183.9.229/apple/suspended/index.html,1
http://240.176.183.92/chase/alert/index.html,1
http://rb.gy/58ce9e9,1
https://shopify.com/search?q=weather,0
http://is.gd/51bd683,1
https://yahoo.com/help/faq?ref=8e69f6,0
https://bankofamerica.com/docs/getting-started,0
https://medium.com/api/v2/users?ref=f0749d,0
https://www.reddit.com/news/world,0
http://166.24.5.123/apple/signin/index.html,1
http://113.177.239.243/chase/recover/index.html,1
https://instagram.com/about,0
http://google.com@3fbed059.cf/account,1
http://wellsfargo-billing.ff52fa.ga/billing.php?id=4946,1
https://amazon.com/store/checkout,0
https://espn.com/help/faq,0
http://166.180.112.77/bankofamerica/secure/index.html,1
https://apple-update-online.tk/update/d384?token=d33933f668,1
https://www.reddit.com/store/checkout,0
https://www.python.org/careers,0
https://bbc.com/user/settings?ref=fa113e,0
http://46.231.159.188/bankofamerica/secure/index.html,1
https://stackoverflow.com/article/12345,0
https://www.adobe.com/watch?v=abc123,0
https://netflix.com/,0
https://yahoo.com/products/laptop,0
http://bit.ly/48e227f,1
https://google-verify-secure.club/verify/9819?token=c723a82fd6,1
https://cnn.com/article/12345,0
http://169.47.179.146/instagram/suspended/index.html,1
https://medium.com/api/v2/users?ref=8befa0,0
https://wordpress.com/store/checkout,0
http://paypal.com@9a213d55.gq/secure,1
https://amazon-account-secure.tk/account/5892?token=6fd3b23ade,1
http://goo.gl/b30b5cb,1
https://www.dropbox.com/careers,0
http://228.218.178.17/paypal/login/index.html,1
http://bankofamerica-confirm.fded8a.cf/confirm.php?id=2762,1
https://microsoft.com/help/faq,0
https://www.chase.com/article/12345,0
http://219.234.169.93/instagram/recover/index.html,1
http://rb.gy/30912ae,1
https://microsoft.com/watch?v=abc123,0
http://wellsfargo-login.05fecf.ml/login.php?id=5961,1
https://spotify.com/products/laptop,0
https://www.wordpress.com/watch?v=abc123,0
https://reddit.com/user/settings,0
http://instagram-account.6d435f.tk/account.php?id=1639,1
http://113.172.31.70/netflix/unlock/index.html,1
https://chase-recover-account.cf/recover/dd1a?token=b60698299a,1
https://www.netflix.com/search?q=weather?ref=6b0a60,0
https://bankofamerica-recover-account.click/recover/5eb1?token=29abc2d29f,1
https://google-confirm-secure.ml/confirm/320d?token=3f3e19d67e,1
https://netflix-confirm-account.xyz/confirm/7622?token=f1606ec6f3,1
https://bankofamerica.com/products/laptop,0
https://instagram.com/api/v2/users,0
http://goo.gl/6a23502,1
https://www.cnn.com/help/faq,0
http://tinyurl.com/8fab5fd,1
https://bankofamerica-recover-account.ga/recover/4e9c?token=e66a99db20,1
https://shopify.com/blog/2024/updates,0
https://google-login-account.ml/login/665b?token=0248bb5723,1
https://bankofamerica-update-online.club/update/6ddc?token=75cc782d78,1
https://facebook-signin-account.gq/signin/c8eb?token=ed55047826,1
https://spotify.com/article/12345,0
http://131.125.199.189/netflix/signin/index.html,1
https://www.stackoverflow.com/docs/getting-started,0
http://74.119.162.245/chase/verify/index.html,1
https://twitch.tv/api/v2/users?ref=934833,0
https://www.salesforce.com/careers?ref=247cb2,0
http://goo.gl/1066957,1
http://netflix-confirm.e5cd34.click/confirm.php?id=9627,1
http://81.142.17.69/wellsfargo/login/index.html,1
https://microsoft.com/article/12345,0
https://www.airbnb.com/user/settings,0
https://www.espn.com/news/world,0
http://microsoft-confirm.260966.ml/confirm.php?id=1530,1
http://bankofamerica.com@a8838ce7.click/recover,1
https://chase.com/news/world,0
https://yahoo.com/blog/2024/updates,0
http://paypal.com@2ba2e965.club/recover,1
https://www.apple.com/blog/2024/updates,0
https://www.adobe.com/about,0
https://netflix.com/docs/getting-started,0
http://chase-recover.f29ed2.ga/recover.php?id=8825,1
https://linkedin.com/blog/2024/updates,0
http://amazon.com@872387cc.top/login,1
http://tinyurl.com/7179148,1
http://is.gd/89bc437,1
https://www.medium.com/careers,0
http://paypal.com@4e4959f9.ml/suspended,1
https://salesforce.com/article/12345,0
https://www.paypal.com/careers,0
http://bit.ly/cf3ba9c,1
http://microsoft.com@ff5dbc06.ml/signin,1
https://airbnb.com/user/settings,0
https://yahoo.com/docs/getting-started,0
https://www.bbc.com/store/checkout,0
https://www.bankofamerica.com/help/faq,0
https://wellsfargo-login-secure.gq/login/6337?token=c6675d3bed,1
https://apple-confirm-online.xyz/confirm/5c53?token=9a18d2f7be,1
http://google-recover.e82ba5.xyz/recover.php?id=2865,1
https://bbc.com/help/faq,0
http://facebook-login.3f70f8.ml/login.php?id=2549,1
https://nytimes.com/article/12345?ref=c47009,0
https://apple.com/article/12345,0
https://spotify.com/careers,0
https://www.spotify.com/search?q=weather?ref=03d75e,0
http://227.184.211.231/microsoft/recover/index.html,1
https://amazon-secure-online.club/secure/a5eb?token=aabdda76c8,1
https://apple-alert-online.gq/alert/da26?token=d89587c734,1
http://paypal.com@3ceacee1.tk/account,1
http://rb.gy/d16be47,1
https://stackoverflow.com/user/settings?ref=8655f2,0
https://www.google.com/search?q=weather,0
https://stackoverflow.com/help/faq,0
http://goo.gl/db8c6df,1
http://instagram.com@b7620d00.xyz/update,1
https://salesforce.com/docs/getting-started,0
https://amazon-suspended-secure.info/suspended/4bd0?token=b636914cda,1
https://www.google.com/blog/2024/updates,0
https://shopify.com/careers,0
https://apple-account-secure.cf/account/42d7?token=ec3403cc03,1
https://wikipedia.org/news/world,0
http://ebay-verify.b486c9.click/verify.php?id=1105,1
http://rb.gy/4f01df5,1
https://paypal.com/products/laptop?ref=df4978,0
http://chase.com@36ca15c0.ml/alert,1
https://wellsfargo.com/api/v2/users?ref=7cb557,0
https://bbc.com/about,0
https://nytimes.com/news/world,0
http://227.167.99.60/amazon/login/index.html,1
https://paypal-signin-account.xyz/signin/9781?token=8c0874ac42,1
http://microsoft-verify.f81b72.top/verify.php?id=1214,1
http://rb.gy/5c2ec8e,1
https://chase.com/?ref=8a39d5,0
https://bbc.com/about?ref=cff82c,0
https://airbnb.com/careers,0
https://spotify.com/docs/getting-started,0
https://www.amazon.com/article/12345?ref=a72e9d,0
http://bit.ly/fd0a873,1
https://cnn.com/docs/getting-started?ref=9cfdd2,0
http://141.65.122.180/instagram/suspended/index.html,1
https://espn.com/,0
http://netflix.com@6b84d288.top/update,1
http://google-confirm.0ee4c5.info/confirm.php?id=7068,1
http://instagram.com@a5138f96.xyz/recover,1
https://www.twitch.tv/article/12345,0
https://www.reddit.com/products/laptop,0
http://google-login.ea48a1.click/login.php?id=9533,1
https://www.reddit.com/api/v2/users?ref=2d648a,0
https://airbnb.com/news/world,0
https://www.stackoverflow.com/store/checkout,0
http://microsoft-confirm.1f11a2.click/confirm.php?id=6056,1
http://microsoft-confirm.ead182.ga/confirm.php?id=9055,1
http://bit.ly/a4f6460,1
http://66.4.190.29/bankofamerica/confirm/index.html,1
https://www.github.com/search?q=weather,0
http://google-recover.f3ea3e.click/recover.php?id=3886,1
https://spotify.com/user/settings,0
https://google.com/api/v2/users,0
https://netflix-signin-online.top/signin/5364?token=763de2340f,1
https://www.dropbox.com/news/world,0
https://amazon.com/news/world,0
http://facebook-recover.915292.club/recover.php?id=7476,1
https://apple.com/user/settings,0
http://netflix.com@0b785803.top/signin,1
http://5.18.121.25/wellsfargo/login/index.html,1
https://nytimes.com/help/faq,0
http://101.27.150.204/google/alert/index.html,1
https://instagram-suspended-online.tk/suspended/6207?token=adaafee949,1
https://cnn.com/help/faq,0
http://facebook.com@30def376.cf/secure,1
http://netflix-secure.227645.info/secure.php?id=9218,1
https://paypal.com/news/world,0
https://www.reddit.com/,0
https://www.instagram.com/watch?v=abc123?ref=5a1044,0
https://apple-secure-secure.tk/secure/d9ae?token=e8a565283d,1
https://facebook-billing-secure.click/billing/bad5?token=0a77d8b4af,1
https://adobe.com/api/v2/users,0
https://espn.com/user/settings,0
https://paypal.com/blog/2024/updates?ref=f20ba4,0
https://amazon.com/news/world?ref=4d42f8,0
https://dropbox.com/user/settings?ref=25ded3,0
http://228.28.34.162/microsoft/billing/index.html,1
http://paypal.com@e90ea77b.gq/recover,1
https://apple.com/store/checkout,0
http://26.97.251.249/apple/update/index.html,1
http://79.125.142.28/chase/suspended/index.html,1
http://rb.gy/233f726,1
http://tinyurl.com/ff8af72,1
http://facebook-update.bcfe11.cf/update.php?id=6309,1
https://www.netflix.com/careers,0
https://apple.com/watch?v=abc123,0
http://4.246.160.144/apple/secure/index.html,1
http://tinyurl.com/1ad0df9,1
http://chase-unlock.6494d4.ga/unlock.php?id=3589,1
https://twitch.tv/docs/getting-started,0
https://chase-recover-secure.top/recover/fd05?token=849116cf25,1
https://spotify.com/search?q=weather,0
https://amazon-billing-secure.info/billing/f401?token=c84ac0ffdc,1
https://www.yahoo.com/search?q=weather?ref=ea2913,0
https://salesforce.com/api/v2/users,0
https://www.netflix.com/store/checkout,0
https://instagram-secure-online.top/secure/cb09?token=bb9e26ede9,1
https://www.wellsfargo.com/news/world?ref=85813d,0
https://wellsfargo.com/,0
http://goo.gl/cf44eee,1
http://microsoft-login.efdd16.gq/login.php?id=3610,1
https://www.bankofamerica.com/article/12345,0
https://nytimes.com/article/12345?ref=22d3b4,0
https://www.shopify.com/contact-us?ref=c95219,0
https://www.salesforce.com/docs/getting-started,0
https://microsoft.com/docs/getting-started,0
https://www.cnn.com/watch?v=abc123,0
http://is.gd/5796030,1
http://goo.gl/096a669,1
http://167.19.203.78/ebay/verify/index.html,1
http://goo.gl/d9fbe1a,1
https://facebook-alert-secure.cf/alert/26b0?token=18131928ac,1
https://reddit.com/docs/getting-started,0
https://bankofamerica.com/about,0
http://google-secure.6080ef.ga/secure.php?id=9169,1
https://paypal.com/help/faq,0
https://ebay-verify-online.club/verify/d6aa?token=8e87aa6ea0,1
https://www.wordpress.com/careers,0
http://apple.com@4fb17f72.gq/billing,1
https://www.nytimes.com/news/world,0
http://rb.gy/7d74d9a,1
http://amazon.com@fe5cb04f.info/account,1
https://espn.com/watch?v=abc123,0
http://instagram.com@eb0e4022.xyz/account,1
https://stackoverflow.com/store/checkout,0
https://wordpress.com/search?q=weather,0
https://apple.com/article/12345?ref=0f4507,0
https://reddit.com/news/world,0
http://wellsfargo.com@62f25cbf.club/billing,1
https://www.github.com/news/world,0
http://google.com@8f273aac.cf/billing,1
http://apple.com@c0926eff.ga/confirm,1
https://chase-account-secure.ga/account/9e3c?token=091e1b4ee8,1
https://google-update-online.ml/update/9f98?token=60c691ef1b,1
https://nytimes.com/user/settings,0
http://apple.com@17630bba.ml/confirm,1
https://shopify.com/products/laptop,0
https://wellsfargo.com/about?ref=144927,0
https://stackoverflow.com/contact-us,0
https://wordpress.com/docs/getting-started,0
http://ebay-billing.5bcd67.ml/billing.php?id=7677,1
https://www.chase.com/contact-us,0
https://dropbox.com/blog/2024/updates,0
https://ebay-secure-online.cf/secure/de35?token=292c382a07,1
https://google.com/products/laptop,0
http://goo.gl/dc225a7,1
http://228.9.246.131/google/verify/index.html,1
http://apple-account.0487fc.info/account.php?id=7132,1
https://apple-unlock-account.gq/unlock/5fd4?token=9cf3fff51c,1
https://chase.com/search?q=weather,0
https://www.netflix.com/products/laptop,0
http://is.gd/d4f0cd2,1
http://goo.gl/4682200,1
http://instagram-update.9df596.cf/update.php?id=9232,1
http://goo.gl/df4648e,1
https://www.stackoverflow.com/api/v2/users,0
https://www.python.org/docs/getting-started,0
http://paypal.com@85e2f6c5.info/confirm,1
https://netflix.com/search?q=weather,0
https://www.shopify.com/products/laptop,0
https://www.reddit.com/blog/2024/updates,0
http://bit.ly/916cdab,1
https://cnn.com/blog/2024/updates,0
http://google.com@e49cdbf5.click/signin,1
https://www.microsoft.com/blog/2024/updates?ref=770217,0
http://paypal.com@c40387be.click/suspended,1
https://wordpress.com/about,0
http://tinyurl.com/fd424de,1
https://www.yahoo.com/contact-us?ref=684925,0
https://netflix-suspended-online.ml/suspended/d860?token=030c6adb34,1
https://dropbox.com/help/faq,0
https://www.salesforce.com/news/world,0
https://www.linkedin.com/about,0
http://116.120.111.105/wellsfargo/billing/index.html,1
https://www.instagram.com/help/faq,0
https://cnn.com/,0
http://paypal-unlock.2497b4.top/unlock.php?id=9900,1
http://facebook-signin.3926af.cf/signin.php?id=8383,1
https://chase.com/api/v2/users?ref=eb2c6d,0
http://136.111.37.67/apple/verify/index.html,1
http://bit.ly/bb0993f,1
https://www.google.com/products/laptop,0
http://bit.ly/428c29e,1
https://google.com/watch?v=abc123?ref=0ead4d,0
https://dropbox.com/products/laptop,0
https://linkedin.com/careers,0
http://17.67.168.81/amazon/account/index.html,1
http://amazon-unlock.58249d.ga/unlock.php?id=3772,1
http://netflix-unlock.4a741c.club/unlock.php?id=8300,1
https://www.wordpress.com/store/checkout,0
http://ebay-billing.3cacd7.ga/billing.php?id=5482,1
https://ebay-update-secure.top/update/f356?token=4734c1864d,1
https://instagram.com/contact-us,0
https://wellsfargo.com/contact-us,0
https://microsoft.com/,0
https://shopify.com/user/settings,0
http://amazon-login.5bcf48.top/login.php?id=1155,1
https://google.com/search?q=weather,0
https://wikipedia.org/careers,0
https://airbnb.com/blog/2024/updates?ref=6428da,0
https://www.reddit.com/article/12345,0
https://www.reddit.com/user/settings,0
https://github.com/news/world?ref=890d53,0
https://paypal-account-account.gq/account/c3bf?token=2e641607fc,1
https://www.github.com/about,0
http://122.170.136.116/chase/secure/index.html,1
http://wellsfargo-account.3bedc0.info/account.php?id=7138,1
https://google-alert-account.ml/alert/91a0?token=fefadb9951,1
https://facebook-login-account.club/login/c2c8?token=57c2065cc9,1
https://www.medium.com/contact-us,0
https://ebay-billing-online.click/billing/1f51?token=909f242884,1
https://www.dropbox.com/docs/getting-started,0
https://wordpress.com/watch?v=abc123,0
https://www.linkedin.com/blog/2024/updates?ref=70a3a4,0
https://medium.com/about,0
http://amazon-signin.f8bd98.ga/signin.php?id=5321,1
https://www.amazon.com/user/settings,0
http://facebook.com@45da5d49.click/verify,1
https://bbc.com/article/12345?ref=12cccf,0
http://116.125.129.135/paypal/verify/index.html,1
https://www.apple.com/article/12345,0
https://www.twitch.tv/watch?v=abc123,0
http://instagram-alert.286b5d.cf/alert.php?id=3514,1
http://google-signin.1585fa.club/signin.php?id=8669,1
http://40.78.3.1/netflix/signin/index.html,1
http://121.137.3.177/wellsfargo/secure/index.html,1
https://ebay-verify-secure.tk/verify/390c?token=7eb2a16786,1
https://www.adobe.com/search?q=weather,0
https://twitch.tv/,0
http://instagram-alert.9a06ab.club/alert.php?id=2084,1
http://apple.com@e5cb4e6b.gq/update,1
https://www.stackoverflow.com/search?q=weather,0
http://tinyurl.com/0f20052,1
http://apple-update.9f199f.top/update.php?id=8593,1
https://microsoft-update-secure.click/update/fc38?token=1aed2f0d70,1
https://apple.com/api/v2/users,0
https://www.espn.com/article/12345,0
https://salesforce.com/user/settings,0
https://www.dropbox.com/article/12345,0
https://facebook-login-online.info/login/fbe3?token=370ab9b315,1
https://bankofamerica-verify-secure.ga/verify/2efe?token=80a1ea4619,1
https://bankofamerica-secure-secure.gq/secure/5457?token=31a4e8b561,1
https://www.wikipedia.org/about,0
http://41.45.212.221/facebook/confirm/index.html,1
http://apple-confirm.e02eca.tk/confirm.php?id=7542,1
http://247.155.64.20/facebook/account/index.html,1
https://www.shopify.com/search?q=weather,0
http://is.gd/1f0ad5d,1
http://goo.gl/962db5c,1
https://www.yahoo.com/user/settings,0
https://medium.com/store/checkout?ref=29ca42,0
http://ebay.com@431eb448.xyz/confirm,1
http://microsoft-account.6f3ae9.top/account.php?id=2527,1
http://bankofamerica-update.2c62af.gq/update.php?id=3832,1
http://113.70.95.26/instagram/unlock/index.html,1
http://155.125.55.180/facebook/verify/index.html,1
http://rb.gy/c1676e7,1
https://www.cnn.com/article/12345,0
https://wellsfargo.com/blog/2024/updates?ref=81fb33,0
http://paypal-account.28b126.cf/account.php?id=7735,1
https://www.github.com/products/laptop,0
http://chase.com@544fe436.info/alert,1
http://apple-account.f10c23.ml/account.php?id=5300,1
https://www.wikipedia.org/search?q=weather,0
http://amazon-signin.a6a898.cf/signin.php?id=4123,1
http://is.gd/e01a1a1,1
http://tinyurl.com/ec0c892,1
http://amazon-unlock.87e98e.ml/unlock.php?id=1820,1
https://www.salesforce.com/search?q=weather,0
https://www.shopify.com/help/faq,0
https://www.stackoverflow.com/blog/2024/updates,0
https://bankofamerica-unlock-secure.ml/unlock/3550?token=ea31465281,1
https://www.salesforce.com/watch?v=abc123,0
https://cnn.com/?ref=3e34f9,0
http://148.199.178.208/bankofamerica/alert/index.html,1
https://wellsfargo.com/blog/2024/updates,0
https://yahoo.com/api/v2/users,0
https://bbc.com/search?q=weather,0
https://www.amazon.com/,0
http://facebook-confirm.cc72ee.cf/confirm.php?id=8341,1
http://amazon-signin.aab96f.cf/signin.php?id=1144,1
https://espn.com/products/laptop?ref=a3d90f,0
https://dropbox.com/news/world,0
http://apple.com@50bf0f7f.ml/confirm,1
https://dropbox.com/watch?v=abc123,0
https://www.shopify.com/about,0
http://ebay.com@3a50a1ed.click/verify,1
http://bit.ly/dfc5b3a,1
http://210.223.89.125/microsoft/unlock/index.html,1
https://www.twitch.tv/news/world,0
http://instagram-recover.e58bac.gq/recover.php?id=7836,1
https://www.bbc.com/help/faq,0
http://181.153.229.152/amazon/account/index.html,1
https://yahoo.com/careers,0
https://nytimes.com/api/v2/users,0
http://tinyurl.com/b518bdb,1
https://amazon.com/blog/2024/updates,0
https://www.nytimes.com/blog/2024/updates,0
http://bit.ly/bb5264a,1
https://www.wellsfargo.com/products/laptop,0
https://apple-secure-account.gq/secure/605d?token=27f3a093cb,1
https://www.chase.com/about,0
http://instagram-update.68ed81.ga/update.php?id=9034,1
http://rb.gy/2bdf3c9,1
http://rb.gy/6317164,1
https://bbc.com/news/world,0
http://bit.ly/1b434f7,1
https://netflix.com/about?ref=3339bd,0
https://wikipedia.org/help/faq?ref=0e2adc,0
https://facebook-suspended-secure.ga/suspended/4a19?token=fb2a7525dc,1
https://www.spotify.com/store/checkout,0
https://www.paypal.com/contact-us?ref=748421,0
http://bit.ly/938b8bd,1
http://instagram-account.8b8203.click/account.php?id=8583,1
https://amazon-unlock-secure.info/unlock/f855?token=03593c5208,1
https://chase.com/user/settings,0
https://google-alert-online.click/alert/9a62?token=e42e3e9ef7,1
http://chase-billing.e57286.ga/billing.php?id=3461,1
https://bbc.com/article/12345,0
http://netflix-unlock.8dcecd.cf/unlock.php?id=6183,1
http://124.252.48.210/paypal/verify/index.html,1
http://rb.gy/8cbfcf8,1
https://python.org/api/v2/users,0
http://200.217.86.8/amazon/verify/index.html,1
http://netflix-account.caf126.ml/account.php?id=3276,1
http://bit.ly/ce234cc,1
https://medium.com/article/12345,0
http://apple-confirm.914b9e.xyz/confirm.php?id=3725,1
http://106.193.225.237/instagram/billing/index.html,1
https://microsoft.com/blog/2024/updates?ref=053b1c,0
https://chase-login-online.club/login/50b7?token=a2c6f49ada,1
http://212.231.31.14/facebook/confirm/index.html,1
https://www.instagram.com/search?q=weather,0
http://108.247.106.119/chase/signin/index.html,1
https://www.twitch.tv/products/laptop?ref=2a8a88,0
http://62.232.165.158/amazon/recover/index.html,1
http://netflix-suspended.745783.top/suspended.php?id=5317,1
https://www.spotify.com/api/v2/users,0
https://chase.com/careers,0
http://instagram.com@e44d9a66.cf/signin,1
https://medium.com/about?ref=f247e0,0
http://apple-secure.6351e2.gq/secure.php?id=5762,1
http://249.3.133.151/bankofamerica/signin/index.html,1
http://169.177.175.112/instagram/account/index.html,1
https://bbc.com/store/checkout?ref=056617,0
http://microsoft.com@359f3b98.click/account,1
http://179.121.151.6/wellsfargo/account/index.html,1
http://is.gd/b0754e5,1
https://www.spotify.com/contact-us,0
https://shopify.com/help/faq,0
https://espn.com/news/world,0
http://248.137.169.227/netflix/alert/index.html,1
https://www.amazon.com/api/v2/users,0
http://is.gd/4941a93,1
http://wellsfargo-secure.db74d7.xyz/secure.php?id=3260,1
http://237.149.11.35/wellsfargo/secure/index.html,1
https://netflix.com/about?ref=6de7da,0
https://paypal.com/user/settings?ref=647f0b,0
https://www.wellsfargo.com/search?q=weather,0
https://bankofamerica.com/docs/getting-started?ref=b7e9e7,0
http://ebay.com@64146d8b.xyz/suspended,1
https://www.airbnb.com/,0
http://tinyurl.com/95036fb,1
https://facebook-signin-secure.click/signin/ac3d?token=bbdb177792,1
http://goo.gl/6c3f0d2,1
https://stackoverflow.com/,0
https://www.stackoverflow.com/user/settings,0
https://www.python.org/store/checkout,0
http://bit.ly/e1bdb18,1
https://www.chase.com/news/world,0
https://www.spotify.com/products/laptop,0
https://nytimes.com/watch?v=abc123,0
https://www.salesforce.com/contact-us?ref=672b83,0
https://www.dropbox.com/watch?v=abc123,0
https://www.microsoft.com/careers?ref=32bd71,0
http://wellsfargo-verify.a84975.xyz/verify.php?id=2167,1
https://www.wordpress.com/contact-us?ref=b79dab,0
http://205.160.171.160/apple/alert/index.html,1
https://chase.com/blog/2024/updates,0
https://ebay-account-online.click/account/2311?token=a7fb108c9c,1
https://facebook-update-online.top/update/c389?token=95da4684d6,1
http://apple.com@9629a500.club/unlock,1
http://google.com@28cbcc60.ml/login,1
http://amazon-alert.609d4f.ga/alert.php?id=6680,1
https://netflix-recover-online.gq/recover/6254?token=93ee8f6a04,1
https://facebook-update-account.info/update/aa9d?token=a53e1f7077,1
https://instagram.com/,0
https://python.org/contact-us,0
https://paypal.com/products/laptop,0
http://is.gd/7343c85,1
https://www.espn.com/store/checkout,0
https://python.org/help/faq,0
https://www.linkedin.com/blog/2024/updates,0
https://facebook-login-secure.click/login/f504?token=b42720d45f,1
https://www.bbc.com/blog/2024/updates,0
https://apple.com/,0
http://146.91.96.230/bankofamerica/account/index.html,1
https://dropbox.com/docs/getting-started,0
https://instagram-confirm-account.xyz/confirm/fb1c?token=d77f1b048e,1
https://amazon-suspended-online.ga/suspended/a493?token=2fe69ff8a0,1
http://ebay-billing.66e32a.click/billing.php?id=5939,1
https://yahoo.com/,0
https://wellsfargo-verify-account.ml/verify/0e3b?token=cbc503eb6e,1
https://wikipedia.org/user/settings,0
https://www.paypal.com/watch?v=abc123,0
https://www.yahoo.com/watch?v=abc123,0
http://instagram-unlock.512da9.gq/unlock.php?id=3695,1
https://www.cnn.com/blog/2024/updates,0
https://www.adobe.com/api/v2/users,0
https://airbnb.com/docs/getting-started,0
http://rb.gy/9a388ec,1
https://www.instagram.com/,0
https://www.espn.com/watch?v=abc123,0
https://www.google.com/store/checkout,0
http://tinyurl.com/f9c1a46,1
https://bankofamerica.com/store/checkout?ref=ab2995,0
https://wordpress.com/help/faq,0
https://www.linkedin.com/api/v2/users,0
http://98.7.46.114/facebook/suspended/index.html,1
https://www.linkedin.com/,0
http://facebook-update.d0402c.tk/update.php?id=1414,1
https://www.instagram.com/careers,0
https://microsoft.com/about?ref=eb1ff0,0
https://paypal-signin-account.top/signin/6acb?token=43ad340cf1,1
https://airbnb.com/about?ref=5dff69,0
https://microsoft-verify-online.info/verify/5511?token=b96d8ae131,1
https://amazon.com/docs/getting-started,0
http://apple.com@7c6c1d4c.ga/billing,1
https://www.wordpress.com/news/world,0
http://instagram.com@3af256e0.tk/unlock,1
https://medium.com/careers?ref=a0c936,0
https://dropbox.com/about,0
http://37.4.36.133/wellsfargo/billing/index.html,1
https://www.bbc.com/user/settings,0
https://linkedin.com/api/v2/users,0
http://microsoft-recover.5aa98b.ml/recover.php?id=2570,1
http://228.97.147.41/instagram/update/index.html,1
http://chase-recover.cae559.top/recover.php?id=1166,1
http://google-login.10296e.top/login.php?id=6584,1
https://amazon-secure-secure.club/secure/bdae?token=015e40c69a,1
https://spotify.com/user/settings?ref=f75e21,0
https://www.instagram.com/watch?v=abc123,0
https://microsoft-login-online.ga/login/9f39?token=d5f7038f2b,1
https://instagram.com/article/12345,0
https://www.linkedin.com/help/faq,0
http://microsoft.com@8bc5aaef.tk/secure,1
https://netflix-suspended-secure.gq/suspended/6345?token=087770b2f4,1
https://www.google.com/watch?v=abc123,0
https://linkedin.com/news/world,0
https://instagram-update-secure.cf/update/25ef?token=ae7dc1cac1,1
http://164.240.20.132/paypal/confirm/index.html,1
https://www.yahoo.com/blog/2024/updates,0
http://99.179.205.28/facebook/recover/index.html,1
http://instagram-recover.1004ba.top/recover.php?id=6490,1
http://apple.com@09eca13b.top/unlock,1
https://bankofamerica.com/search?q=weather,0
https://facebook-unlock-online.xyz/unlock/60cb?token=481fe9f65b,1
http://246.180.93.232/wellsfargo/account/index.html,1
http://instagram.com@15f29bd0.club/update,1
http://96.135.178.124/chase/secure/index.html,1
https://www.netflix.com/help/faq,0
https://adobe.com/docs/getting-started,0
https://www.nytimes.com/help/faq,0
https://bankofamerica-login-secure.club/login/fbaf?token=8f58c741df,1
http://tinyurl.com/d36d240,1
https://www.wikipedia.org/products/laptop,0
https://medium.com/search?q=weather,0
http://rb.gy/f4bc794,1
http://google-unlock.3c9e10.tk/unlock.php?id=1797,1
https://www.github.com/watch?v=abc123?ref=36e8b5,0
http://instagram-account.70eced.top/account.php?id=2659,1
http://148.126.178.81/google/unlock/index.html,1
https://ebay-update-online.cf/update/060b?token=f431bb49e4,1
https://espn.com/search?q=weather,0
https://ebay-update-secure.tk/update/fc95?token=0cadfbcc29,1
https://www.wellsfargo.com/api/v2/users?ref=650e6e,0
https://nytimes.com/article/12345,0
http://chase.com@d33e5ac7.click/login,1
http://65.215.175.98/paypal/suspended/index.html,1
http://microsoft-account.fd3173.gq/account.php?id=4597,1
https://wikipedia.org/article/12345,0
https://chase.com/docs/getting-started,0
http://35.105.230.157/ebay/unlock/index.html,1
http://instagram.com@a35edb55.club/unlock,1
http://amazon-suspended.739b2a.ml/suspended.php?id=2939,1
https://www.salesforce.com/help/faq?ref=b858f9,0
https://spotify.com/contact-us,0
https://microsoft-account-online.ml/account/ff65?token=d071454141,1
https://www.shopify.com/contact-us,0
https://instagram.com/search?q=weather,0
https://bankofamerica-update-account.club/update/14f2?token=9e5e3f7765,1
https://adobe.com/search?q=weather,0
https://www.linkedin.com/careers,0
http://173.247.177.173/bankofamerica/billing/index.html,1
https://python.org/careers?ref=1ac826,0
https://www.stackoverflow.com/news/world,0
http://bankofamerica-verify.4daef4.cf/verify.php?id=5270,1
https://wellsfargo.com/api/v2/users,0
https://shopify.com/article/12345?ref=0a5eb2,0
https://www.google.com/docs/getting-started,0
http://netflix-secure.51f012.gq/secure.php?id=6143,1
https://www.wellsfargo.com/careers,0
https://airbnb.com/,0
https://google-unlock-secure.ga/unlock/c81b?token=7de5ebe98d,1
https://www.wikipedia.org/careers?ref=8eb5bb,0
http://wellsfargo-verify.116859.ga/verify.php?id=5105,1
http://instagram.com@a85281cc.xyz/alert,1
https://bankofamerica-suspended-online.xyz/suspended/e0f3?token=82c77adb08,1
http://apple-login.db944f.gq/login.php?id=6057,1
https://wellsfargo-signin-online.ml/signin/df78?token=4bfb901178,1
https://reddit.com/contact-us,0
https://linkedin.com/article/12345,0
http://bit.ly/ef720d6,1
https://paypal-unlock-online.xyz/unlock/cdcb?token=cf92d13c56,1
https://linkedin.com/search?q=weather,0
https://dropbox.com/article/12345,0
https://www.spotify.com/article/12345?ref=0f98dc,0
https://espn.com/?ref=186d0f,0
https://airbnb.com/contact-us,0
https://www.airbnb.com/store/checkout,0
https://paypal-billing-account.cf/billing/3324?token=c53589e2e8,1
http://goo.gl/0144acc,1
https://www.dropbox.com/user/settings,0
https://espn.com/article/12345,0
http://instagram-update.f4b275.tk/update.php?id=9190,1
https://chase-confirm-account.info/confirm/43f1?token=b9cd4ebab2,1
http://wellsfargo-login.c534df.top/login.php?id=2126,1
https://wikipedia.org/watch?v=abc123,0
http://bit.ly/583ac4a,1
http://amazon-suspended.e59b43.info/suspended.php?id=7646,1
https://cnn.com/careers,0
https://www.apple.com/user/settings,0
https://netflix.com/products/laptop?ref=366825,0
https://www.python.org/about,0
https://wellsfargo.com/store/checkout?ref=a427bc,0
http://paypal-recover.0d33eb.ml/recover.php?id=4594,1
http://rb.gy/129eb9c,1
https://paypal-alert-secure.top/alert/624f?token=30492f3ea5,1
https://www.instagram.com/article/12345,0
https://www.cnn.com/user/settings,0
https://facebook-secure-secure.ml/secure/a0a6?token=ea72c96638,1
https://www.airbnb.com/article/12345,0
https://www.linkedin.com/products/laptop,0
http://tinyurl.com/931f90d,1
http://chase.com@6e28a532.ml/billing,1
https://wikipedia.org/contact-us?ref=645ae3,0
https://wellsfargo-login-online.xyz/login/3737?token=f8ab18431e,1
https://netflix.com/careers,0
https://facebook-update-account.club/update/a9e4?token=347bce6c62,1
http://google.com@4c776f7e.info/unlock,1
http://microsoft-account.34aefe.gq/account.php?id=2117,1
http://chase-unlock.f9a434.xyz/unlock.php?id=4361,1
https://apple-verify-online.gq/verify/d661?token=32f9da8b4f,1
https://instagram-signin-online.top/signin/34a6?token=15a2384d5b,1
http://ebay.com@264fe59a.info/signin,1
https://www.github.com/about?ref=ac09dc,0
https://netflix-recover-account.click/recover/4c73?token=a6be34dd22,1
http://bankofamerica-billing.861541.club/billing.php?id=6718,1
https://python.org/store/checkout,0
https://dropbox.com/,0
http://ebay.com@5edecb75.top/billing,1
https://adobe.com/article/12345?ref=319e1b,0
http://amazon.com@9bad3310.ga/secure,1
http://google-verify.e40fda.xyz/verify.php?id=1341,1
http://is.gd/2c6fa1b,1
https://yahoo.com/news/world,0
http://google-suspended.9d62fb.top/suspended.php?id=3937,1
https://salesforce.com/contact-us,0
https://ebay-secure-online.gq/secure/dae0?token=93411550cd,1
https://apple-login-secure.gq/login/1be3?token=7c791ccda1,1
https://twitch.tv/search?q=weather,0
http://ebay-alert.b57796.info/alert.php?id=9772,1
http://bankofamerica.com@4eb587f5.club/secure,1
http://instagram-account.a1e825.top/account.php?id=1406,1
https://stackoverflow.com/news/world,0
https://ebay-suspended-account.info/suspended/34ba?token=436ed07fa9,1
http://chase-login.4af981.info/login.php?id=7527,1
https://ebay-alert-account.top/alert/d778?token=39232a63b4,1
https://bbc.com/docs/getting-started?ref=770f0a,0
https://www.paypal.com/article/12345,0
http://wellsfargo.com@7929da22.ml/alert,1
https://www.yahoo.com/store/checkout,0
https://stackoverflow.com/watch?v=abc123,0
http://facebook.com@0ea63302.click/recover,1
https://bankofamerica.com/help/faq,0
https://www.netflix.com/blog/2024/updates,0
https://paypal-update-account.gq/update/b629?token=77fb18f606,1
https://netflix-confirm-secure.top/confirm/d669?token=6d5d40987e,1
https://github.com/products/laptop,0
https://www.medium.com/search?q=weather,0
https://www.twitch.tv/docs/getting-started,0
https://netflix-secure-secure.top/secure/f1eb?token=fef343b269,1
http://159.223.200.221/paypal/alert/index.html,1
http://178.250.106.155/facebook/suspended/index.html,1
http://238.109.50.76/paypal/recover/index.html,1
https://paypal-secure-account.info/secure/83df?token=f4acc43304,1
https://www.chase.com/search?q=weather,0
http://117.154.189.80/chase/verify/index.html,1
https://www.nytimes.com/,0
http://bankofamerica-account.df6160.xyz/account.php?id=7929,1
https://microsoft-recover-secure.cf/recover/551d?token=3aa66cd376,1
https://cnn.com/api/v2/users?ref=6af41e,0
https://wellsfargo.com/article/12345,0
https://www.amazon.com/contact-us,0
http://is.gd/b9a1014,1
https://amazon.com/search?q=weather?ref=530405,0
https://www.cnn.com/news/world,0
http://paypal-billing.cd977a.tk/billing.php?id=7980,1
https://wikipedia.org/about,0
http://paypal.com@44fdc7e5.cf/signin,1
http://213.144.235.150/amazon/unlock/index.html,1
https://www.espn.com/api/v2/users,0
https://chase-billing-online.club/billing/82cd?token=44f6fc6772,1
https://cnn.com/products/laptop?ref=040b7a,0
https://www.espn.com/about,0
http://204.202.250.123/apple/account/index.html,1
https://chase-suspended-online.club/suspended/f8be?token=0b9af3804d,1
http://rb.gy/ae4a9bd,1
http://is.gd/76fede2,1
https://salesforce.com/careers,0
http://chase-billing.ac6c50.info/billing.php?id=6944,1
http://30.47.208.83/wellsfargo/signin/index.html,1
https://instagram.com/store/checkout?ref=cca8e0,0
http://netflix.com@e140f13c.tk/billing,1
https://www.github.com/watch?v=abc123,0
https://medium.com/article/12345?ref=a74626,0
https://cnn.com/store/checkout?ref=343017,0
http://249.112.52.128/apple/billing/index.html,1
https://chase.com/help/faq?ref=be4d58,0
https://www.bbc.com/user/settings?ref=d5552c,0
https://www.twitch.tv/store/checkout,0
http://netflix-confirm.a3deb9.click/confirm.php?id=2805,1
https://wikipedia.org/store/checkout?ref=b94c44,0
http://apple-unlock.949b04.top/unlock.php?id=3019,1
http://apple.com@e19d2311.gq/login,1
https://www.bbc.com/products/laptop,0
http://bankofamerica-confirm.d31b8b.gq/confirm.php?id=3028,1
https://chase.com/about,0
https://www.github.com/help/faq,0
http://google.com@d60a0b1a.info/recover,1
https://github.com/?ref=1fbc45,0
http://goo.gl/5d07919,1
https://google-confirm-online.tk/confirm/6320?token=433763f0ec,1
https://instagram.com/user/settings,0
https://www.salesforce.com/user/settings,0
http://chase.com@313536b5.gq/verify,1
https://medium.com/contact-us,0
http://goo.gl/97d582c,1
http://microsoft-confirm.25fab6.xyz/confirm.php?id=5408,1
http://apple.com@e1641751.info/unlock,1
http://163.63.236.12/facebook/billing/index.html,1
https://bankofamerica.com/blog/2024/updates?ref=143e55,0
http://instagram-verify.e47214.club/verify.php?id=9010,1
https://amazon.com/watch?v=abc123,0
https://www.dropbox.com/watch?v=abc123?ref=864d39,0
http://wellsfargo-account.1434c0.cf/account.php?id=7958,1
https://wikipedia.org/search?q=weather,0
https://www.paypal.com/help/faq,0
http://instagram-billing.72e685.tk/billing.php?id=1815,1
http://paypal.com@5019c3a4.top/billing,1
https://instagram-recover-account.gq/recover/ab08?token=4ce6ebc692,1
https://www.wellsfargo.com/help/faq,0
http://108.109.176.193/google/signin/index.html,1
http://tinyurl.com/3b162e0,1
https://wellsfargo-unlock-online.club/unlock/40c1?token=8519681e02,1
https://www.adobe.com/about?ref=8611c9,0
https://nytimes.com/blog/2024/updates,0
https://shopify.com/news/world,0
https://paypal-confirm-online.ml/confirm/39fa?token=13164f4749,1
http://google-recover.1db666.cf/recover.php?id=2120,1
http://49.110.198.242/facebook/verify/index.html,1
http://is.gd/5e3ea00,1
https://espn.com/watch?v=abc123?ref=d4e518,0
http://26.84.93.157/google/update/index.html,1
https://github.com/about,0
https://instagram.com/store/checkout,0
http://microsoft.com@bf07db62.cf/recover,1
https://www.adobe.com/careers,0
https://stackoverflow.com/careers,0
https://www.python.org/help/faq,0
https://microsoft-confirm-account.ml/confirm/f456?token=5f3df97610,1
https://apple-alert-online.cf/alert/6778?token=6767b4332f,1
https://chase-secure-secure.top/secure/8663?token=c6e6a3d13e,1
https://www.adobe.com/news/world,0
https://wellsfargo.com/news/world?ref=69b1a8,0
https://www.espn.com/search?q=weather,0
https://www.wikipedia.org/user/settings,0
https://www.python.org/products/laptop,0
https://bbc.com/user/settings,0
https://adobe.com/,0
http://ebay-account.0b4490.info/account.php?id=9188,1
https://cnn.com/docs/getting-started?ref=b1b673,0
https://www.reddit.com/products/laptop?ref=1a11f5,0
http://facebook.com@c20d8d5e.click/verify,1
https://wellsfargo.com/watch?v=abc123,0
http://tinyurl.com/4cdae05,1
http://google-recover.fd94b3.gq/recover.php?id=7020,1
https://www.salesforce.com/blog/2024/updates,0
https://amazon-suspended-online.club/suspended/eb26?token=e22c592358,1
http://google.com@6e7a86c4.info/confirm,1
https://www.shopify.com/article/12345,0
https://www.espn.com/,0
http://apple-signin.5572df.gq/signin.php?id=4546,1
http://apple.com@40a9f94e.xyz/suspended,1
http://130.57.151.233/chase/signin/index.html,1
http://goo.gl/42a45cb,1
http://106.62.159.63/wellsfargo/suspended/index.html,1
https://microsoft.com/search?q=weather,0
https://www.microsoft.com/careers,0
http://netflix-secure.bb225e.click/secure.php?id=5226,1
http://105.76.42.11/wellsfargo/update/index.html,1
https://apple.com/?ref=6bd2aa,0
https://espn.com/blog/2024/updates,0
https://github.com/,0
https://www.google.com/news/world,0
http://netflix.com@3749de26.ga/unlock,1
https://www.reddit.com/search?q=weather,0
https://www.amazon.com/user/settings?ref=e74319,0
https://wordpress.com/api/v2/users,0
https://www.spotify.com/news/world?ref=afe44a,0
https://www.spotify.com/careers,0
http://paypal.com@f6e2bcc8.click/account,1
http://microsoft-billing.bf964c.ga/billing.php?id=4348,1
http://bankofamerica.com@ac3c890b.club/update,1
http://facebook.com@5d1c1419.top/account,1
https://chase.com/contact-us,0
https://wellsfargo.com/careers,0
https://google.com/blog/2024/updates,0
https://twitch.tv/api/v2/users,0
https://wellsfargo.com/help/faq,0
https://medium.com/products/laptop,0
http://bankofamerica-recover.5be4e1.gq/recover.php?id=4825,1
http://67.39.23.246/instagram/billing/index.html,1
https://github.com/watch?v=abc123,0
http://112.140.55.170/ebay/account/index.html,1
http://is.gd/63e8312,1
https://bankofamerica.com/article/12345,0
https://apple-verify-secure.ga/verify/f056?token=2c96792e1b,1
https://wikipedia.org/api/v2/users?ref=f58d66,0
http://tinyurl.com/8db11fb,1
https://salesforce.com/blog/2024/updates?ref=b212f1,0
https://www.cnn.com/careers?ref=75dff6,0
https://adobe.com/blog/2024/updates,0
https://cnn.com/docs/getting-started,0
https://www.github.com/careers?ref=5755ad,0
http://ebay.com@5a3bfd9d.tk/recover,1
http://goo.gl/2928733,1
http://is.gd/20f4ac6,1
http://90.49.83.89/google/account/index.html,1
https://facebook-verify-online.top/verify/0e4e?token=3166d5c6b6,1
https://apple-suspended-secure.gq/suspended/6660?token=b34cd513bf,1
http://apple-login.cc26d5.ml/login.php?id=7993,1
http://rb.gy/d2a2ba8,1
https://dropbox.com/user/settings,0
https://www.paypal.com/store/checkout,0
https://www.bbc.com/,0
http://facebook-confirm.2bd64c.club/confirm.php?id=9227,1
http://ebay.com@8099bcc0.info/billing,1
https://dropbox.com/contact-us,0
http://apple-suspended.ff7403.gq/suspended.php?id=1865,1
https://apple.com/contact-us,0
http://102.1.186.9/facebook/suspended/index.html,1
https://chase.com/products/laptop,0
http://rb.gy/13abf05,1
https://amazon-account-secure.gq/account/67d5?token=799e68f2bc,1
https://www.medium.com/help/faq?ref=661b85,0
https://www.adobe.com/contact-us,0
https://microsoft-account-online.xyz/account/c8e5?token=47387dc644,1
https://salesforce.com/about,0
https://amazon.com/api/v2/users,0
https://salesforce.com/store/checkout,0
http://wellsfargo-secure.afe8e4.xyz/secure.php?id=9835,1
https://wordpress.com/help/faq?ref=bcadd4,0
https://www.medium.com/article/12345,0
https://facebook-verify-account.gq/verify/9da6?token=dc8e505f6e,1
http://paypal-unlock.984e07.ml/unlock.php?id=2477,1
https://instagram.com/api/v2/users?ref=32684b,0
https://amazon.com/contact-us,0
https://apple.com/search?q=weather?ref=79fdf1,0
http://143.30.37.75/paypal/verify/index.html,1
https://www.amazon.com/docs/getting-started?ref=f3374c,0
https://python.org/user/settings?ref=47c462,0
https://google-suspended-account.tk/suspended/2ca1?token=9d862a1b13,1
http://51.186.149.125/google/verify/index.html,1
https://chase-suspended-secure.ml/suspended/1801?token=360c8ffada,1
https://chase-unlock-account.club/unlock/3c06?token=0db71e5752,1
https://bbc.com/store/checkout,0
https://python.org/user/settings,0
https://www.apple.com/watch?v=abc123,0
https://salesforce.com/search?q=weather,0
http://goo.gl/754339a,1
http://26.246.151.127/chase/confirm/index.html,1
http://bankofamerica-confirm.4c0ee1.top/confirm.php?id=2387,1
https://stackoverflow.com/products/laptop,0
https://wordpress.com/,0
https://google.com/watch?v=abc123,0
https://linkedin.com/help/faq,0
http://amazon-alert.8f3ea8.cf/alert.php?id=6914,1
https://bbc.com/blog/2024/updates?ref=17f2ed,0
https://cnn.com/store/checkout,0
http://apple-suspended.dd9d55.ml/suspended.php?id=7138,1
https://www.github.com/docs/getting-started?ref=d32feb,0
https://www.microsoft.com/store/checkout,0
http://paypal.com@7a3d7fbc.ga/alert,1
http://ebay.com@5129f0d4.info/update,1
https://adobe.com/watch?v=abc123,0
https://airbnb.com/search?q=weather,0
https://www.airbnb.com/careers,0
http://33.219.76.16/bankofamerica/unlock/index.html,1
http://216.86.184.109/chase/alert/index.html,1
http://netflix.com@97d91213.club/secure,1
https://www.twitch.tv/api/v2/users,0
https://www.espn.com/?ref=ee11b9,0
http://bit.ly/5a40add,1
http://190.138.55.53/chase/login/index.html,1
http://google-billing.054756.ga/billing.php?id=8801,1
http://bankofamerica-billing.94a718.club/billing.php?id=3071,1
https://www.salesforce.com/api/v2/users?ref=f51121,0
https://wellsfargo.com/help/faq?ref=354fa7,0
http://155.149.244.170/google/secure/index.html,1
http://200.100.103.156/chase/unlock/index.html,1
https://www.microsoft.com/,0
http://paypal-recover.7da058.ml/recover.php?id=2960,1
https://twitch.tv/store/checkout,0
http://goo.gl/f3b0851,1
http://chase.com@9e5d914e.info/account,1
https://google.com/store/checkout?ref=c29b62,0
https://microsoft.com/store/checkout,0
https://stackoverflow.com/search?q=weather,0
https://airbnb.com/blog/2024/updates,0
http://82.193.89.103/instagram/alert/index.html,1
https://www.amazon.com/blog/2024/updates,0
https://github.com/api/v2/users,0
https://www.shopify.com/api/v2/users?ref=9b774f,0
http://netflix-update.60e897.ga/update.php?id=5855,1
http://43.81.189.126/wellsfargo/signin/index.html,1
https://www.microsoft.com/about,0
https://nytimes.com/api/v2/users?ref=dd4c78,0
https://salesforce.com/news/world,0
https://www.espn.com/careers,0
http://11.132.88.250/instagram/recover/index.html,1
https://apple-recover-account.xyz/recover/f2a0?token=ec7070397d,1
https://wellsfargo.com/about?ref=1571c2,0
https://www.salesforce.com/,0
https://espn.com/contact-us,0
https://www.spotify.com/news/world,0
http://apple-suspended.cbd494.club/suspended.php?id=3200,1
http://186.185.190.226/paypal/unlock/index.html,1
https://www.reddit.com/watch?v=abc123,0
https://wellsfargo-unlock-online.ml/unlock/40dd?token=b1d7fcb3d4,1
https://facebook-recover-online.tk/recover/4b94?token=2846d2971f,1
http://netflix-alert.e34a4d.ga/alert.php?id=8320,1
http://wellsfargo.com@c2a6dda7.ga/secure,1
http://chase-recover.d629e4.cf/recover.php?id=8765,1
https://medium.com/store/checkout,0
https://amazon.com/about,0
https://www.google.com/help/faq,0
https://www.salesforce.com/products/laptop?ref=830ad8,0
https://www.spotify.com/user/settings,0
https://twitch.tv/watch?v=abc123,0
http://goo.gl/3f36afa,1
http://177.47.81.141/microsoft/unlock/index.html,1
https://spotify.com/,0
https://reddit.com/help/faq?ref=cb990c,0
https://nytimes.com/store/checkout,0
https://amazon-unlock-account.info/unlock/1c9e?token=f3b3071043,1
http://apple.com@d2287b21.top/suspended,1
http://tinyurl.com/29eb71e,1
http://apple-alert.53e656.info/alert.php?id=1966,1
https://salesforce.com/,0
https://shopify.com/contact-us,0
https://www.reddit.com/careers,0
https://www.amazon.com/about,0
https://twitch.tv/about,0
https://linkedin.com/store/checkout,0
https://www.paypal.com/,0
http://google.com@4be5930c.info/signin,1
https://chase-alert-account.ml/alert/91c2?token=1abdd370c1,1
https://instagram-billing-account.gq/billing/15fe?token=06961751b7,1
https://microsoft.com/help/faq?ref=696489,0
https://netflix.com/about,0
http://facebook-confirm.4abbb7.tk/confirm.php?id=5521,1
http://netflix.com@c34a19e5.click/alert,1
https://python.org/article/12345,0
http://netflix-alert.756058.club/alert.php?id=2657,1
http://facebook.com@0b3907dc.xyz/unlock,1
http://tinyurl.com/04e2c7a,1
https://linkedin.com/about,0
http://microsoft-update.3b7e68.club/update.php?id=1869,1
http://89.236.173.34/bankofamerica/alert/index.html,1
https://google.com/store/checkout,0
https://shopify.com/about,0
http://facebook.com@7de10e95.tk/unlock,1
http://amazon-secure.2f568c.top/secure.php?id=1206,1
http://155.212.225.166/netflix/billing/index.html,1
http://amazon-alert.490a39.click/alert.php?id=8373,1
https://www.microsoft.com/products/laptop,0
https://www.cnn.com/products/laptop,0
https://www.wellsfargo.com/help/faq?ref=01b721,0
http://22.242.66.174/google/secure/index.html,1
http://rb.gy/1740519,1
http://65.243.126.94/bankofamerica/verify/index.html,1
http://tinyurl.com/d9c44a2,1
https://cnn.com/watch?v=abc123,0
http://google-alert.05ac87.top/alert.php?id=5220,1
http://facebook.com@a7bcc1ba.ml/recover,1
http://goo.gl/5cff456,1
https://www.paypal.com/news/world?ref=d2d59a,0
https://instagram.com/watch?v=abc123,0
